{
  "parameters": {
    "n_simulations": 10000,
    "x0": -1.0,
    "y0": 0.0,
    "dt": 0.05,
    "beta_inv": 1.0,
    "max_steps": 10000,
    "omega": 1.0
  },
  "results": {
    "p_estimate": 0.001,
    "ci_95": [
      0.0005491849538080075,
      0.001838080403305761
    ],
    "n_A": 9990,
    "n_B": 10,
    "n_unabsorbed": 0
  }
}